store_name,birthdate
G Coffee @ Alam Tun Hussein Onn,1973-10-31
G Coffee @ Alam Tun Hussein Onn,1997-08-10
G Coffee @ Alam Tun Hussein Onn,2006-01-28
G Coffee @ Bandar Seri Mulia,1983-08-25
G Coffee @ Bandar Seri Mulia,1991-05-16
G Coffee @ Bandar Seri Mulia,2000-06-30
G Coffee @ Damansara Saujana,1965-06-02
G Coffee @ Damansara Saujana,1977-06-27
G Coffee @ Damansara Saujana,1984-01-20
G Coffee @ Kampung Changkat,1970-01-03
G Coffee @ Kampung Changkat,1973-08-12
G Coffee @ Kampung Changkat,1998-10-25
G Coffee @ Kondominium Putra,1983-01-06
G Coffee @ Kondominium Putra,1988-09-13
G Coffee @ Kondominium Putra,1989-11-10
G Coffee @ PJS8,1979-12-04
G Coffee @ PJS8,1983-05-23
G Coffee @ PJS8,2003-11-05
G Coffee @ Seksyen 21,1968-10-08
G Coffee @ Seksyen 21,1972-03-19
G Coffee @ Seksyen 21,1999-02-13
G Coffee @ Taman Damansara,1972-10-31
G Coffee @ Taman Damansara,1987-08-01
G Coffee @ Taman Damansara,1996-11-09
G Coffee @ USJ 57W,1978-01-25
G Coffee @ USJ 57W,1990-05-04
G Coffee @ USJ 57W,2007-12-30
G Coffee @ USJ 89q,1987-05-29
G Coffee @ USJ 89q,2001-09-12
G Coffee @ USJ 89q,2008-05-26
