store_name,birthdate
G Coffee @ Seksyen 21,1968-02-07
G Coffee @ Seksyen 21,1967-08-20
G Coffee @ Seksyen 21,1984-02-25
G Coffee @ USJ 57W,1978-12-28
G Coffee @ USJ 57W,1997-07-07
G Coffee @ USJ 57W,1965-08-06
G Coffee @ Bandar Seri Mulia,2006-09-24
G Coffee @ Bandar Seri Mulia,1991-12-28
G Coffee @ Bandar Seri Mulia,1987-12-10
G Coffee @ Alam Tun Hussein Onn,1982-07-30
G Coffee @ Alam Tun Hussein Onn,1988-03-28
G Coffee @ Alam Tun Hussein Onn,2006-07-27
G Coffee @ Kampung Changkat,1993-04-14
G Coffee @ Kampung Changkat,1999-11-27
G Coffee @ Kampung Changkat,2006-06-10
G Coffee @ USJ 89q,2007-11-20
G Coffee @ USJ 89q,1989-11-09
G Coffee @ USJ 89q,1996-12-19
G Coffee @ Kondominium Putra,1969-12-18
G Coffee @ Kondominium Putra,2002-11-24
G Coffee @ Kondominium Putra,1980-02-05
G Coffee @ Taman Damansara,2008-08-11
G Coffee @ Taman Damansara,1984-12-19
G Coffee @ Taman Damansara,1982-12-17
G Coffee @ PJS8,1998-11-13
G Coffee @ PJS8,1982-10-09
G Coffee @ PJS8,1965-12-02
G Coffee @ Damansara Saujana,1986-03-28
G Coffee @ Damansara Saujana,2001-07-08
G Coffee @ Damansara Saujana,1971-09-17
