store_name,birthdate
G Coffee @ Alam Tun Hussein Onn,1968-01-11
G Coffee @ Alam Tun Hussein Onn,1980-10-04
G Coffee @ Alam Tun Hussein Onn,1992-10-05
G Coffee @ Bandar Seri Mulia,1965-02-07
G Coffee @ Bandar Seri Mulia,1967-02-18
G Coffee @ Bandar Seri Mulia,2007-08-02
G Coffee @ Damansara Saujana,1967-06-16
G Coffee @ Damansara Saujana,1969-09-09
G Coffee @ Damansara Saujana,1991-03-19
G Coffee @ Kampung Changkat,1975-12-13
G Coffee @ Kampung Changkat,1977-10-06
G Coffee @ Kampung Changkat,2001-07-07
G Coffee @ Kondominium Putra,1982-02-13
G Coffee @ Kondominium Putra,1984-05-10
G Coffee @ Kondominium Putra,1993-12-11
G Coffee @ PJS8,1971-02-24
G Coffee @ PJS8,1999-07-11
G Coffee @ PJS8,2007-07-09
G Coffee @ Seksyen 21,1977-07-19
G Coffee @ Seksyen 21,1979-11-11
G Coffee @ Seksyen 21,1997-05-28
G Coffee @ Taman Damansara,1978-06-18
G Coffee @ Taman Damansara,1982-06-22
G Coffee @ Taman Damansara,2006-09-13
G Coffee @ USJ 57W,1971-08-03
G Coffee @ USJ 57W,1996-06-14
G Coffee @ USJ 57W,2000-06-25
G Coffee @ USJ 89q,1971-08-04
G Coffee @ USJ 89q,1981-11-28
G Coffee @ USJ 89q,1995-10-21
